,Adaptive-Threshold,Precision,Recall,F1-score
0,0.5165550777414725,0.999999998989899,0.8461538454306378,0.9166666161651261
1,0.5073510990176596,0.8609625663845121,0.9199999994742858,0.8895027119944475
2,0.47379125504164077,0.8807339446847908,0.9536423837901846,0.9157392184682606
3,0.4664538051154711,0.6995073889902691,0.9281045748600965,0.7977527597509814
