,Adaptive-Threshold,Precision,Recall,F1-score
0,0.5165550777414725,0.9909090900082645,0.9478260861323252,0.9688888380523483
1,0.6180390882324944,0.9230769218934912,0.6923076916420119,0.7912087413597423
2,0.47379125504164077,0.754045307199338,0.8996138992665582,0.8204224853098372
3,0.4664538051154711,0.7573529409908448,0.9566563464530475,0.8454171871068462
