,Adaptive-Threshold,Precision,Recall,F1-score
0,0.3832293725367411,0.9999999933333334,0.9999999933333334,0.999999943333336
1,0.42508925910351286,0.9999999958333333,0.9999999958333333,0.9999999458333357
2,0.3501197514312195,0.9999999965517241,0.9666666634444444,0.9830507941396176
3,0.33926873975018507,0.9999999972972973,0.9736842079639889,0.9866666140444469
4,0.35340922760243315,0.9555555534320987,0.9999999976744186,0.977272675077482
5,0.37384878456870946,0.9347826066635161,0.8775510186172428,0.9052631060387839
6,0.3853772008654142,0.9482758604340071,0.9821428553890306,0.9649122290243177
