,Adaptive-Threshold,Precision,Recall,F1-score
0,0.5165550777414725,0.8962264142488431,0.8962264142488431,0.8962263642488458
1,0.5073510990176596,0.9521531095922713,0.912844036278512,0.9320842587191313
2,0.47379125504164077,0.8148148145633287,0.9198606268571914,0.864157069376759
3,0.4664538051154711,0.6356783918000808,0.910071942118679,0.748520661413294
