,Fixed-Threshold=0.7,Precision@threshold=0.7,Recall@threshold=0.7,F1-score@threshold=0.7
0,0.7,0.9999999900000002,0.6666666622222223,0.7999999456000029
1,0.7,0.9999999944444444,0.749999996875,0.8571428040816353
2,0.7,0.9999999928571429,0.4666666651111111,0.6363635900826474
3,0.7,0.9999999947368421,0.4999999986842105,0.6666666198830438
4,0.7,0.9999999949999999,0.4651162779881017,0.6349205895691639
5,0.7,0.9999999949999999,0.40816326447313617,0.5797101020793979
6,0.7,0.9999999961538462,0.46428571345663266,0.6341462966091641
