,Fixed-Threshold=0.3,Precision@threshold=0.3,Recall@threshold=0.3,F1-score@threshold=0.3
0,0.3,0.9999999933333334,0.9999999933333334,0.999999943333336
1,0.3,0.9999999958333333,0.9999999958333333,0.9999999458333357
2,0.3,0.9999999966666666,0.9999999966666666,0.9999999466666691
3,0.3,0.999999997368421,0.999999997368421,0.9999999473684236
4,0.3,0.9555555534320987,0.9999999976744186,0.977272675077482
5,0.3,0.93999999812,0.95918367151187,0.949494897581882
6,0.3,0.9491525407641482,0.9999999982142856,0.973912991818528
