,Fixed-Threshold=0.7,Precision@threshold=0.7,Recall@threshold=0.7,F1-score@threshold=0.7
0,0.7,0.9999999976190476,0.3589743586675433,0.5283018472528805
1,0.7,0.9999999989247312,0.5314285711248979,0.6940298049092254
2,0.7,0.9903846144323225,0.341059602536073,0.5073891242034535
3,0.7,0.9516129024583767,0.3856209149066598,0.5488371680043297
