,Fixed-Threshold=0.5,Precision@threshold=0.5,Recall@threshold=0.5,F1-score@threshold=0.5
0,0.5,0.9909090900082645,0.9478260861323252,0.9688888380523483
1,0.5,0.5740740737197074,0.894230768370932,0.6992480721521883
2,0.5,0.7474048440320398,0.8339768336548351,0.7883211177453544
3,0.5,0.7723785164265016,0.93498451983437,0.8459383255667
