,Fixed-Threshold=0.5,Precision@threshold=0.5,Recall@threshold=0.5,F1-score@threshold=0.5
0,0.5,0.8981481473165296,0.915094338759345,0.9065420052319008
1,0.5,0.9528301882297971,0.9266055041621076,0.939534833293675
2,0.5,0.8349834980742629,0.8815331007381417,0.8576270683901207
3,0.5,0.6584699451752813,0.8669064745083069,0.748447155670116
