,Fixed-Threshold=0.3,Precision@threshold=0.3,Recall@threshold=0.3,F1-score@threshold=0.3
0,0.3,0.9999999991304348,0.9829059820658924,0.9913792594939086
1,0.3,0.7675438593124808,0.9999999994285714,0.8684863027911042
2,0.3,0.8555240790777552,0.9999999996688741,0.9221373546017159
3,0.3,0.6816143496229564,0.9934640519629202,0.8085105898158131
