,Fixed-Threshold=0.3,Precision@threshold=0.3,Recall@threshold=0.3,F1-score@threshold=0.3
0,0.3,0.9051724130127824,0.9905660368013528,0.9459458951951978
1,0.3,0.9517543855474762,0.9954128435800859,0.9730941199923611
2,0.3,0.8039215684022628,0.9999999996515678,0.8913042981400243
3,0.3,0.6165919281128718,0.9892086327376947,0.7596684607696682
