,Fixed-Threshold=0.5,Precision@threshold=0.5,Recall@threshold=0.5,F1-score@threshold=0.5
0,0.5,0.9999999928571429,0.9333333271111112,0.9655171847800265
1,0.5,0.9999999956521739,0.9583333293402777,0.9787233501131758
2,0.5,0.999999996,0.8333333305555556,0.9090908561983498
3,0.5,0.999999996875,0.8421052609418282,0.914285662040819
4,0.5,0.9756097537180249,0.9302325559762034,0.9523809001417259
5,0.5,0.9999999976190476,0.857142855393586,0.9230768713440433
6,0.5,0.9999999980769231,0.9285714269132653,0.9629629112482879
