,Fixed-Threshold=0.7,Precision@threshold=0.7,Recall@threshold=0.7,F1-score@threshold=0.7
0,0.7,0.9565217370510397,0.4150943392310431,0.5789473254501416
1,0.7,0.9906542046816317,0.4862385318870466,0.6523076477387012
2,0.7,0.9999999990196079,0.35540069674027847,0.5244215548694525
3,0.7,0.8374999989531251,0.24100719415791105,0.3743016410630162
