,Fixed-Threshold=0.7,Precision@threshold=0.7,Recall@threshold=0.7,F1-score@threshold=0.7
0,0.7,0.9999999984615385,0.5652173908128545,0.7222221752777808
1,0.7,0.9999999980769231,0.4999999995192308,0.6666666213675243
2,0.7,0.8627450963475586,0.1698841698185775,0.283870940068681
3,0.7,0.9489795908683882,0.28792569650528615,0.441805189724728
