,Fixed-Threshold=0.5,Precision@threshold=0.5,Recall@threshold=0.5,F1-score@threshold=0.5
0,0.5,0.9999999990291263,0.8803418795894514,0.9363635857148788
1,0.5,0.8481675388229489,0.9257142851853062,0.8852458512511598
2,0.5,0.8832807568191543,0.9271523175737906,0.904684925504425
3,0.5,0.7282321897814691,0.901960784018967,0.8058393663909668
