,Fixed-Threshold=0.3,Precision@threshold=0.3,Recall@threshold=0.3,F1-score@threshold=0.3
0,0.3,0.9827586198424495,0.9913043469640832,0.98701293615937
1,0.3,0.4553571426538584,0.9807692298261835,0.6219511758254045
2,0.3,0.7272727270661157,0.9884169880353602,0.8379704909822941
3,0.3,0.7187499998395647,0.9969040244591628,0.8352788097227507
