,FPR@threshold=0.5,TPR@threshold=0.5
0,0.0,0.0
1,0.0,0.0
2,0.0,0.0
3,0.0,0.0
4,0.0,0.0
5,0.0,0.0
6,1.0,1.0
7,1.0,1.0
8,1.0,1.0
9,1.0,1.0
10,1.0,1.0
11,0.9999999909090911,0.4150943392310431
12,0.9090909008264464,0.4862385318870466
13,0.7042253511208094,0.0
14,0.726744185623986,0.24100719415791105
