,FPR@threshold=0.3,TPR@threshold=0.3
0,0.0,0.0
1,0.0,0.0
2,0.0,0.0
3,0.0,0.0
4,0.0,0.0
5,0.0,0.0
6,1.0,1.0
7,1.0,1.0
8,1.0,1.0
9,1.0,1.0
10,1.0,1.0
11,0.9999999909090911,0.9905660368013528
12,0.9999999909090911,0.9954128435800859
13,0.9859154915691332,0.9999999996515678
14,0.9941860459336128,0.9892086327376947
