,FPR@threshold=0.7,TPR@threshold=0.7
0,0.0,0.0
1,0.0,0.0
2,0.0,0.0
3,0.0,0.0
4,0.0,0.0
5,0.0,0.0
6,1.0,1.0
7,1.0,1.0
8,1.0,1.0
9,1.0,1.0
10,1.0,1.0
11,0.18181818016528928,0.4150943392310431
12,0.09090909008264464,0.4862385318870466
13,0.0,0.0
14,0.07558139530489454,0.24100719415791105
