,FPR@threshold=0.3,TPR@threshold=0.3
0,0.0,0.0
1,0.0,0.0
2,0.0,0.0
3,0.0,0.0
4,0.0,0.0
5,0.0,0.0
6,1.0,1.0
7,1.0,1.0
8,1.0,1.0
9,1.0,1.0
10,1.0,1.0
11,0.9999999500000026,0.9913043469640832
12,0.9759999992192,0.9807692298261835
13,0.9696969687174779,0.9884169880353602
14,0.992125983470767,0.9969040244591628
