,FPR@threshold=0.5,TPR@threshold=0.5
0,0.0,0.0
1,0.0,0.0
2,0.0,0.0
3,0.0,0.0
4,0.0,0.0
5,0.0,0.0
6,1.0,1.0
7,1.0,1.0
8,1.0,1.0
9,1.0,1.0
10,1.0,1.0
11,0.0,0.0
12,0.537037036042524,0.0
13,0.6607142845344388,0.341059602536073
14,0.7152777772810571,0.3856209149066598
