,FPR,TPR
0,0.0,0.0
1,0.0,0.0
2,0.0,0.0
3,0.0,0.0
4,0.0,0.0
5,0.0,0.0
6,1.0,1.0
7,1.0,1.0
8,1.0,1.0
9,1.0,1.0
10,1.0,1.0
11,0.0,0.0
12,0.4814814805898491,0.9199999994742858
13,0.696428570184949,0.9536423837901846
14,0.8472222216338735,0.9281045748600965
