,FPR,TPR
0,0.0,0.0
1,1.0,1.0
2,0.9999999500000026,0.9999999976744186
3,0.7499999812500004,0.8775510186172428
4,0.9999999666666678,0.9821428553890306
