,FPR@threshold=0.7,TPR@threshold=0.7
0,0.0,0.0
1,0.0,0.0
2,0.0,0.0
3,0.0,0.0
4,0.0,0.0
5,0.0,0.0
6,1.0,1.0
7,1.0,1.0
8,1.0,1.0
9,1.0,1.0
10,1.0,1.0
11,0.0,0.0
12,0.0,0.0
13,0.07070707063564943,0.1698841698185775
14,0.03937007870915742,0.28792569650528615
