,FPR@threshold=0.3,TPR@threshold=0.3
0,0.0,0.0
1,0.0,0.0
2,0.0,0.0
3,0.0,0.0
4,0.0,0.0
5,1.0,1.0
6,1.0,1.0
7,1.0,1.0
8,1.0,1.0
9,1.0,1.0
10,0.9999999500000026,0.9999999976744186
11,0.7499999812500004,0.95918367151187
12,0.9999999666666678,0.9999999982142856
