,FPR,TPR
0,0.0,0.0
1,0.0,0.0
2,0.0,0.0
3,0.0,0.0
4,0.0,0.0
5,0.0,0.0
6,1.0,1.0
7,1.0,1.0
8,1.0,1.0
9,1.0,1.0
10,1.0,1.0
11,0.4999999750000013,0.9478260861323252
12,0.0479999999616,0.6923076916420119
13,0.7676767669013367,0.8996138992665582
14,0.7795275584413169,0.9566563464530475
