,FPR,TPR
0,0.0,0.0
1,0.0,0.0
2,0.0,0.0
3,0.0,0.0
4,0.0,0.0
5,0.0,0.0
6,1.0,1.0
7,1.0,1.0
8,1.0,1.0
9,1.0,1.0
10,1.0,1.0
11,0.9999999909090911,0.8962264142488431
12,0.9090909008264464,0.912844036278512
13,0.8450704213449713,0.9198606268571914
14,0.8430232553238237,0.910071942118679
