,FPR@threshold=0.5,TPR@threshold=0.5
0,0.0,0.0
1,0.0,0.0
2,0.0,0.0
3,0.0,0.0
4,0.0,0.0
5,0.0,0.0
6,1.0,1.0
7,1.0,1.0
8,1.0,1.0
9,1.0,1.0
10,1.0,1.0
11,0.4999999750000013,0.0
12,0.5519999995584001,0.0
13,0.7373737366289155,0.1698841698185775
14,0.7007874010230021,0.28792569650528615
